<beans xmlns="http://www.springframework.org/schema/beans"
	xmlns:xsi="http://www.w3.org/2001/XMLSchema-instance" xmlns:jaxws="http://cxf.apache.org/jaxws"
	xmlns:context="http://www.springframework.org/schema/context"
	xsi:schemaLocation="http://www.springframework.org/schema/beans
						http://www.springframework.org/schema/beans/spring-beans.xsd
						http://cxf.apache.org/jaxws http://cxf.apache.org/schemas/jaxws.xsd
			           http://www.springframework.org/schema/context
			    	   http://www.springframework.org/schema/context/spring-context.xsd">


	<import resource="classpath:META-INF/cxf/cxf.xml" />
	<import resource="classpath:META-INF/cxf/cxf-servlet.xml" />
	<context:annotation-config />
	<context:component-scan base-package="com.app" />

	<jaxws:endpoint id="requestHandlerProcess" implementor="#requestHandler" address="/requestServerHandler">
	   
    </jaxws:endpoint>
    
    <!--<jaxws:endpoint id="helloWorld" implementor="#hello" address="/helloWorld">
     <jaxws:inInterceptors>        
            <ref bean="inLoggeringInterceptor"/>
            <ref bean="myInterceptor"/>   
        </jaxws:inInterceptors>    
          <jaxws:outInterceptors>        
            <ref bean="outLoggingInterceptor"/>    
        </jaxws:outInterceptors>
    </jaxws:endpoint>
    <bean id="inLoggeringInterceptor" class="org.apache.cxf.interceptor.LoggingInInterceptor"></bean>
    <bean id="outLoggingInterceptor"  class="org.apache.cxf.interceptor.LoggingOutInterceptor"></bean>
    <bean id="myInterceptor"  class="demo.spring.interceptor.MyInterceptor">
        <constructor-arg  value="pre-invoke"/>
    </bean>-->
</beans>
