<?xml version="1.0" encoding="UTF-8" ?>  
<!DOCTYPE configuration  
    PUBLIC "-//mybatis.org//DTD Config 3.0//EN"  
    "http://mybatis.org/dtd/mybatis-3-config.dtd">
<configuration>
	
	<typeAliases>
		
	</typeAliases>

	<mappers>
		<!-- 
		<mapper resource="com/yiyacare/resources/user/UserMapper.xml"/>
		 -->
		 <mapper resource="com/app/credits/creditsMapper.xml"/>
		 <mapper resource="com/app/credits/creditsWithDrawMapper.xml"/>
		 <mapper resource="com/app/user/userFeedBackMapper.xml"/>
		 <mapper resource="com/app/user/userMapper.xml"/>
		 <mapper resource="com/app/version/versionMapper.xml"/>
	</mappers>
</configuration>  
