<?xml version="1.0" encoding="UTF-8" ?>
<!DOCTYPE mapper PUBLIC "-//mybatis.org//DTD Mapper 3.0//EN" 
"http://mybatis.org/dtd/mybatis-3-mapper.dtd">

<mapper namespace="credits">

	<resultMap type="java.util.HashMap" id="countMap">
		<result property="totalCount" column="totalCount" />
	</resultMap>

	<resultMap type="java.util.HashMap" id="creditsMap">
		<result property="id" column="id" />
		<result property="account" column="account" />
		<result property="credit" column="credit" />
		<result property="credittype" column="creditType" />
		<result property="channeltype" column="channelType" />
		<result property="iscomplete" column="isComplete" />
		<result property="createtime" column="createTime" />
	</resultMap>

    <!--根据条件获取积分记录  -->
	<select id="retrieveCreditsRecords" parameterType="map" resultMap="creditsMap">
						select e.id           as id,
		                       e.account      as account,
		                       e.credit       as credit,
		                       e.credittype   as creditType,
		                       e.channeltype  as channelType,
		                       e.iscomplete   as isComplete,
		                       e.createtime   as createTime
		                  from credit e
		                 where e.account = #{account}
		                   and e.credittype = #{creditType}
	</select>
	

	<!-- 用户积分入库-->
	<insert id="insertUserCredits" parameterType="com.app.credits.bean.CreditsBean">
		insert into credit(id, account, credit, credittype, channeltype, iscomplete, createtime)
		      values(#{id}, #{account},  #{credit},  #{creditType}, #{channelType}, #{isComplete}, #{createTime}) 
	</insert>
	
	<!-- 提现请求用户总积分 -->
	<update id="updateUserTotalCreditForWithDraw" parameterType="map">
		update user c
   		   set c.totalcredit = CAST(c.totalcredit AS SIGNED) - CAST(#{credit} AS SIGNED), c.pendcredit = CAST(c.pendcredit AS SIGNED) + CAST(#{credit} AS SIGNED)
   		 where c.account = #{account}
	</update>
	
	<!-- 增加用户总积分 -->
	<update id="updateUserTotalCreditForAdd" parameterType="map">
		update user c
   		   set c.totalcredit = CAST(c.totalcredit AS SIGNED) + CAST(#{credit} AS SIGNED)
   		 where c.account = #{account}
	</update>
	
	<!-- 更新用户提现记录 -->
	<update id="updateUserWithDrawMoney" parameterType="map">
		update credit c
   		   set c.credit = #{credit}
   		 where c.credittype = #{creditType} and c.account = #{account}
	</update>
	
	<!-- 更新用户信息 -->
    <update id="updateUserInfo" parameterType="map">
    	update user c
   		   set c.zfbaccount = #{zfbAccount}
   		 where c.account = #{account}
    </update>	
    
    <!-- 更新用户待提现积分 -->
    <update id="updateUserPendCredit" parameterType="map">
    	update user u
   		   set u.pendcredit = CAST(u.pendcredit AS SIGNED) - CAST((select credit from withdrawcredit w where w.id = #{id}) AS SIGNED)
   		 where u.account = #{account}
    </update>
    
    <!-- 更新用户待处理提现状态为已完成 -->
    <update id="updateUserCreditComplete" parameterType="map">
		update credit c
   		   set c.iscomplete = #{isComplete}
   		 where c.credittype = #{creditType} and c.account = #{account}
	</update>
    
</mapper>