<?xml version="1.0" encoding="UTF-8" ?>
<!DOCTYPE mapper PUBLIC "-//mybatis.org//DTD Mapper 3.0//EN" 
"http://mybatis.org/dtd/mybatis-3-mapper.dtd">

<mapper namespace="credits">

	<resultMap type="java.util.HashMap" id="countMap">
		<result property="totalCount" column="totalCount" />
	</resultMap>

	<resultMap type="java.util.HashMap" id="creditsMap">
		<result property="id" column="id" />
		<result property="account" column="account" />
		<result property="credit" column="credit" />
		<result property="credittype" column="creditType" />
		<result property="channeltype" column="channelType" />
		<result property="iscomplete" column="isComplete" />
		<result property="createtime" column="createTime" />
	</resultMap>

    <!--根据条件获取积分记录  -->
	<select id="retrieveCreditsRecords" parameterType="map" resultMap="creditsMap">
						select e.id           as id,
		                       e.account      as account,
		                       e.credit       as credit,
		                       e.credittype   as creditType,
		                       e.channeltype  as channelType,
		                       e.iscomplete   as isComplete,
		                       e.macaddress   as macAddress,
		                       e.createtime   as createTime
		                  from credit e
		                 where e.account = #{account}
		                   and e.credittype = #{creditType}
		                 <if test="queryByDate != null">
		                   and date(e.createtime) = date(now()) 
		                 </if>
		                 <if test="channelType != null">
		                   and e.channeltype = #{channelType}
		                 </if>
	</select>
	

	<!-- 用户积分入库-->
	<insert id="insertUserCredits" parameterType="com.app.credits.bean.CreditsBean">
		insert into credit(id, account, credit, credittype, channeltype, iscomplete, macaddress, createtime)
		      values(#{id}, #{account},  #{credit},  #{creditType}, #{channelType}, #{isComplete}, #{macAddress}, #{createTime}) 
	</insert>
	
	<!-- 提现请求用户总积分 -->
	<update id="updateUserTotalCreditForWithDraw" parameterType="map">
		update user c
   		   set c.totalcredit = CAST(c.totalcredit AS SIGNED) - CAST(#{credit} AS SIGNED), c.pendcredit = CAST(c.pendcredit AS SIGNED) + CAST(#{credit} AS SIGNED)
   		 where c.account = #{account}
	</update>
	
	<!-- 增加用户总积分 -->
	<update id="updateUserTotalCreditForAdd" parameterType="map">
		update user c
   		   set c.totalcredit = CAST(c.totalcredit AS SIGNED) + CAST(#{credit} AS SIGNED)
   		 where c.account = #{account}
	</update>
	
	<!-- 更新用户提现记录 -->
	<update id="updateUserWithDrawMoney" parameterType="map">
		update credit c
   		   set c.credit = #{credit}
   		 where c.credittype = #{creditType} and c.account = #{account}
	</update>
	
	<!-- 更新用户信息 -->
    <update id="updateUserInfo" parameterType="map">
    	update user c
   		   set c.zfbaccount = #{zfbAccount}
   		 where c.account = #{account}
    </update>	
    
    <!-- 用户推广后获取的总奖励积分 -->
    <select id="retrieveUserRelatedCreditCount" parameterType="map" resultMap="creditsMap">
    	select sum(credit) as credit
          from credit e
         where e.account = #{account}
           and e.credittype = #{creditType}
         <if test="channelType != null">
           and e.channeltype = #{channelType}
         </if>
    </select>
</mapper>