<?xml version="1.0" encoding="UTF-8" ?>
<beans xmlns="http://www.springframework.org/schema/beans"
	   xmlns:xsi="http://www.w3.org/2001/XMLSchema-instance"
       xmlns:aop="http://www.springframework.org/schema/aop"
       xmlns:tx="http://www.springframework.org/schema/tx"
       xmlns:p="http://www.springframework.org/schema/p"
       xmlns:context="http://www.springframework.org/schema/context"
       xmlns:mvc="http://www.springframework.org/schema/mvc"
	xsi:schemaLocation="http://www.springframework.org/schema/beans 
       http://www.springframework.org/schema/beans/spring-beans.xsd
       http://www.springframework.org/schema/context
       http://www.springframework.org/schema/context/spring-context.xsd
       http://www.springframework.org/schema/tx
       http://www.springframework.org/schema/tx/spring-tx.xsd
       http://www.springframework.org/schema/aop
       http://www.springframework.org/schema/aop/spring-aop.xsd
       http://www.springframework.org/schema/mvc
       http://www.springframework.org/schema/mvc/spring-mvc.xsd>">

	<context:component-scan base-package="com.app"></context:component-scan>
	<!-- <bean class="hpy.yiyacare.framework.placeholder.DecryptPropertyPlaceholderConfigurer" 
		p:location="WEB-INF/conf/db.properties" p:fileEncoding="utf-8" /> -->
	<context:property-placeholder location="classpath*:db.properties" />
	<bean id="dataSource" class="org.apache.commons.dbcp.BasicDataSource"
		destroy-method="close" p:driverClassName="${mysql.driver}" p:url="${mysql.url}"
		p:username="${mysql.username}" p:password="${mysql.password}">
		<property name="initialSize" value="${initialSize}" />
		<property name="maxActive" value="${maxActive}" />
		<property name="maxWait" value="${maxWait}" />
		<property name="poolPreparedStatements" value="true" />
	</bean>

	<bean id="sqlSessionFactory" class="org.mybatis.spring.SqlSessionFactoryBean"
		p:dataSource-ref="dataSource" p:configLocation="classpath:mybatisConfig.xml" />

	<bean id="sqlSessionTemplate" class="org.mybatis.spring.SqlSessionTemplate">
		<constructor-arg ref="sqlSessionFactory" />
	</bean>

	<bean id="transactionManager"
		class="org.springframework.jdbc.datasource.DataSourceTransactionManager"
		p:dataSource-ref="dataSource" />
	<tx:annotation-driven transaction-manager="transactionManager" />

	<bean id="exceptionResolver"
		class="org.springframework.web.servlet.handler.SimpleMappingExceptionResolver">
		<property name="defaultErrorView">
			<value>error/error</value>
		</property>
		<property name="defaultStatusCode">
			<value>500</value>
		</property>
		<property name="warnLogCategory">
			<value>org.springframework.web.servlet.handler.SimpleMappingExceptionResolver
			</value>
		</property>
	</bean>

</beans>