<?xml version="1.0" encoding="UTF-8" ?>
<beans  xmlns="http://www.springframework.org/schema/beans"
		xmlns:mvc="http://www.springframework.org/schema/mvc"
		xmlns:xsi="http://www.w3.org/2001/XMLSchema-instance"
		xmlns:context="http://www.springframework.org/schema/context"
		xmlns:p="http://www.springframework.org/schema/p"
		xsi:schemaLocation="http://www.springframework.org/schema/beans
		http://www.springframework.org/schema/beans/spring-beans.xsd
		http://www.springframework.org/schema/mvc
		http://www.springframework.org/schema/mvc/spring-mvc.xsd
		http://www.springframework.org/schema/context
		http://www.springframework.org/schema/context/spring-context.xsd">
	
	<context:component-scan base-package="com.app"/>
	<mvc:annotation-driven />
	<bean
		class="org.springframework.web.servlet.view.InternalResourceViewResolver"
		p:viewClass="org.springframework.web.servlet.view.JstlView" p:prefix="/"
		p:suffix=".jsp" />

	<bean id="webBindingInitializer"
		class="org.springframework.web.bind.support.ConfigurableWebBindingInitializer">
	</bean>

	<bean
		class="org.springframework.web.servlet.mvc.method.annotation.RequestMappingHandlerAdapter">
		<property name="webBindingInitializer" ref="webBindingInitializer" />
		<property name="messageConverters">
			<list>
				<bean
					class="org.springframework.http.converter.StringHttpMessageConverter">
					<property name="supportedMediaTypes">
						<list>
							<value>text/plain;charset=UTF-8</value>
						</list>
					</property>
				</bean>
			</list>
		</property>
	</bean>
</beans>