<?xml version="1.0" encoding="UTF-8" ?>
<!DOCTYPE mapper PUBLIC "-//mybatis.org//DTD Mapper 3.0//EN" 
"http://mybatis.org/dtd/mybatis-3-mapper.dtd">

<mapper namespace="user">

	<resultMap type="java.util.HashMap" id="countMap">
		<result property="totalCount" column="totalCount" />
	</resultMap>

	<resultMap type="java.util.HashMap" id="userMap">
		<result property="account" column="account" />
		<result property="password" column="password" />
		<result property="totalcredit" column="totalCredit"/>
		<result property="pendcredit" column="pendCredit"/>
		<result property="zfbaccount" column="zfbAccount"/>
		<result property="createtime" column="createTime" />
	</resultMap>

    <!--根据条件账号信息  -->
	<select id="retrieveUserInfo" parameterType="map" resultMap="userMap">
						select e.account       as account,
		                       e.password      as password,
		                       e.totalcredit   as totalCredit,
		                       e.pendcredit    as pendCredit,
		                       e.zfbaccount    as zfbAccount,
		                       e.createtime    as createTime
		                  from user e
		                 where 1=1
		                 <if test="account != null">
		                 	and e.account = #{account}
		                 </if>
		                 <if test="password != null">
						    and e.password = #{password}
						 </if>
						 order by pendcredit desc
	</select>
	

	<!-- 插入一个新用户 -->
	<insert id="insertUser" parameterType="com.app.user.bean.UserBean">
		insert into user(account, password, createtime)
		      values(#{account},  #{password}, #{createTime}) 
	</insert>
	
</mapper>